Date,Open,High,Low,Close,Volume
2023-11-22,0.638,0.64,0.5576,0.571,4825767000.0
2023-11-23,0.5725,0.5858,0.5501,0.5795,1412450000.0
2023-11-24,0.5799,0.58,0.57,0.5739,588302000.0
2023-11-27,0.5747,0.576,0.555,0.557,528108000.0
2023-11-28,0.5575,0.5676,0.5509,0.559,349349000.0
2023-11-29,0.563,0.575,0.5613,0.5649,611503000.0
2023-11-30,0.5649,0.57,0.557,0.56,252806000.0
2023-12-01,0.5619,0.5653,0.551,0.5554,371436000.0
2023-12-04,0.5623,0.5794,0.5563,0.5615,807254000.0
2023-12-05,0.5616,0.5649,0.5552,0.562,286136000.0
2023-12-06,0.5639,0.5665,0.553,0.5556,227149000.0
2023-12-07,0.5557,0.56,0.5535,0.5549,157023000.0
2023-12-08,0.555,0.56,0.554,0.5542,143091000.0
2023-12-11,0.5539,0.5542,0.5277,0.532,395905000.0
2023-12-12,0.5321,0.5384,0.513,0.5272,244048000.0
2023-12-13,0.5295,0.5368,0.5224,0.5234,123352000.0
2023-12-14,0.53,0.5342,0.52,0.5265,196744000.0
2023-12-15,0.5285,0.552,0.52,0.548,321655000.0
2023-12-18,0.5481,0.5699,0.54,0.5638,320534000.0
2023-12-19,0.5656,0.57,0.5568,0.562,199539000.0
2023-12-20,0.5638,0.599,0.5604,0.595,858450000.0
2023-12-21,0.5945,0.6594,0.584,0.6299,1678386000.0
2023-12-22,0.6355,0.6608,0.617,0.63,892877000.0
2023-12-25,0.6345,0.6475,0.6135,0.6255,449885000.0
2023-12-26,0.6268,0.6396,0.617,0.636,252958000.0
2023-12-27,0.6361,0.653,0.6239,0.6292,286665000.0
2023-12-28,0.635,0.6378,0.621,0.625,356716000.0
2023-12-29,0.6255,0.6399,0.6248,0.639,145796000.0
2024-01-03,0.6474,0.66,0.6404,0.6532,264957000.0
2024-01-04,0.655,0.6582,0.6505,0.6525,107002000.0
2024-01-05,0.6557,0.66,0.6501,0.6521,128325000.0
2024-01-08,0.6572,0.6715,0.64,0.6594,218648000.0
2024-01-09,0.661,0.6656,0.6516,0.6555,165778000.0
2024-01-10,0.659,0.669,0.654,0.6689,612152000.0
2024-01-11,0.67,0.6739,0.6448,0.6547,372204000.0
2024-01-12,0.6589,0.662,0.6522,0.6599,284429000.0
2024-01-15,0.6619,0.663,0.655,0.6556,191986000.0
2024-01-16,0.656,0.6581,0.645,0.6513,213159000.0
2024-01-17,0.6544,0.6565,0.648,0.6524,101752000.0
2024-01-18,0.6529,0.6581,0.648,0.6498,223441000.0
2024-01-19,0.6554,0.6554,0.64,0.6447,141235000.0
2024-01-22,0.647,0.65,0.645,0.648,166358000.0
2024-01-23,0.6505,0.6547,0.6455,0.6476,150362000.0
2024-01-24,0.6501,0.6504,0.64,0.6431,140872000.0
2024-01-25,0.644,0.6443,0.625,0.63,241690000.0
2024-01-26,0.632,0.635,0.6201,0.621,296424000.0
2024-01-29,0.6238,0.67,0.6215,0.6459,1093494000.0
2024-01-30,0.651,0.665,0.6459,0.655,514676000.0
2024-01-31,0.656,0.6686,0.65,0.663,453654000.0
2024-02-01,0.664,0.695,0.663,0.679,1075126000.0
2024-02-02,0.6809,0.6928,0.6724,0.6844,423891000.0
2024-02-05,0.685,0.6872,0.6672,0.6725,423574000.0
2024-02-06,0.673,0.6739,0.655,0.6713,513616000.0
2024-02-07,0.672,0.6939,0.6624,0.692,619590000.0
2024-02-08,0.6924,0.728,0.6924,0.728,1024519000.0
2024-02-09,0.7275,0.738,0.712,0.7152,623101000.0
2024-02-12,0.7162,0.73,0.6954,0.7085,335094000.0
2024-02-13,0.7114,0.75,0.7088,0.743,593548000.0
2024-02-14,0.7487,0.778,0.7223,0.7372,1057078000.0
2024-02-15,0.744,0.7599,0.7254,0.75,581220000.0
2024-02-16,0.7527,0.77,0.7456,0.7619,615531000.0
2024-02-19,0.7686,0.795,0.7638,0.7919,895991000.0
2024-02-20,0.793,0.8197,0.7731,0.8044,1053660000.0
2024-02-21,0.7995,0.805,0.7284,0.7814,1245792000.0
2024-02-22,0.7804,0.8083,0.78,0.7885,427540000.0
2024-02-26,0.7692,0.7885,0.7392,0.76,1038463000.0
2024-02-27,0.7673,0.78,0.75,0.7523,684563000.0
2024-02-28,0.7523,0.7574,0.72,0.743,1124291000.0
2024-02-29,0.7437,0.7634,0.728,0.7632,563070000.0
2024-03-01,0.7652,0.7696,0.751,0.7646,404239000.0
2024-03-04,0.7662,0.797,0.7613,0.797,605126000.0
2024-03-05,0.8022,0.8028,0.7772,0.791,887013000.0
2024-03-06,0.7919,0.798,0.7773,0.7905,643009000.0
2024-03-07,0.7966,0.8017,0.7828,0.7878,562621000.0
2024-03-11,0.7932,0.8,0.7871,0.788,440752000.0
2024-03-12,0.788,0.7892,0.7716,0.7807,352166000.0
2024-03-13,0.7837,0.7837,0.7751,0.7783,210348000.0
2024-03-14,0.7783,0.7796,0.7563,0.7613,368142000.0
2024-03-15,0.7624,0.782,0.7621,0.7765,303357000.0
2024-03-18,0.7774,0.7829,0.767,0.7698,213889000.0
2024-03-19,0.77,0.7735,0.75,0.7581,300081000.0
2024-03-20,0.759,0.7677,0.7464,0.7589,272356000.0
2024-03-21,0.78,0.7898,0.772,0.7846,522273000.0
2024-03-22,0.7846,0.7991,0.7733,0.7949,471698000.0
2024-03-25,0.79,0.8098,0.7804,0.807,638942000.0
2024-03-26,0.8099,0.812,0.7958,0.8039,321955000.0
2024-03-27,0.804,0.8049,0.7963,0.8005,197936000.0
2024-03-28,0.802,0.839,0.8006,0.8299,1163789000.0
2024-03-29,0.8355,0.8849,0.8341,0.876,1469510000.0
2024-04-01,0.901,0.99,0.8922,0.949,3012661000.0
2024-04-02,0.9552,0.9859,0.93,0.941,1591385000.0
2024-04-03,0.9587,0.9587,0.9305,0.936,582456000.0
2024-04-04,0.941,0.955,0.9399,0.9409,391653000.0
2024-04-05,0.9398,0.9571,0.9022,0.9417,986028000.0
2024-04-08,0.9537,0.9777,0.9505,0.97,971917000.0
2024-04-09,0.9702,1.0844,0.9702,1.012,3188621000.0
2024-04-10,1.0211,1.07,1.007,1.059,2210582000.0
2024-04-11,1.0647,1.14,1.0116,1.0484,4178086000.0
2024-04-12,1.1001,1.1357,1.0713,1.1085,2522787000.0
2024-04-15,1.1101,1.1345,1.0622,1.083,2452242000.0
2024-04-16,1.1022,1.103,1.0745,1.0867,692352000.0
2024-04-17,1.087,1.093,1.0401,1.06,1105660000.0
2024-04-18,1.0597,1.0597,1.0236,1.0485,788687000.0
2024-04-19,1.0546,1.085,1.0507,1.0688,668098000.0
2024-04-22,1.0471,1.058,1.033,1.035,828016000.0
2024-04-23,1.0264,1.0334,0.998,1.0098,966881000.0
2024-04-24,1.04,1.049,0.974,0.9851,1716286000.0
2024-04-25,0.985,0.985,0.9318,0.938,3107023000.0
2024-04-26,0.9381,0.9735,0.9224,0.958,1055784000.0
2024-04-27,0.9638,0.975,0.955,0.964,459885000.0
2024-04-29,0.967,0.9695,0.955,0.9646,224490000.0
2024-04-30,0.957,0.9635,0.945,0.95,201085000.0
2024-05-02,0.9531,0.9533,0.927,0.9275,357924000.0
2024-05-03,0.9277,0.9448,0.908,0.909,542614000.0
2024-05-06,0.915,0.9498,0.9037,0.9382,842884000.0
2024-05-07,0.9433,0.9447,0.9222,0.9399,413855000.0
2024-05-08,0.9406,0.965,0.9358,0.9594,737876000.0
2024-05-10,0.9741,1.015,0.971,1.008,1799787000.0
2024-05-13,1.0089,1.025,0.9791,0.9857,1189762000.0
2024-05-14,0.9898,0.9997,0.98,0.9932,496785000.0
2024-05-15,0.9961,1.009,0.9879,1.0011,780918000.0
2024-05-16,1.0088,1.019,0.9901,0.9962,476821000.0
2024-05-17,1.0009,1.0077,0.996,1.004,429608000.0
2024-05-20,1.0201,1.0777,1.013,1.0717,2905249000.0
2024-05-21,1.0641,1.0673,1.0301,1.065,833100000.0
2024-05-22,1.0609,1.089,1.035,1.0364,1340157000.0
2024-05-23,1.0199,1.0448,1.0011,1.02,921099000.0
2024-05-24,1.0208,1.045,0.9967,1.0033,933315000.0
2024-05-27,1.003,1.0032,0.96,0.9886,775594000.0
2024-05-28,0.986,1.0086,0.9645,1.0066,531824000.0
2024-05-29,1.0007,1.0012,0.979,0.983,237179000.0
2024-05-30,0.9835,0.9936,0.97,0.9765,305932000.0
2024-05-31,0.9768,0.9804,0.9365,0.9365,542075000.0
2024-06-03,0.936,0.9499,0.86,0.9155,983496000.0
2024-06-04,0.9247,0.94,0.9018,0.9187,572528000.0
2024-06-05,0.9236,0.9662,0.9223,0.9482,580425000.0
2024-06-06,0.9601,0.9744,0.931,0.952,389317000.0
2024-06-07,0.9568,0.9589,0.928,0.9301,664611000.0
2024-06-10,0.9298,0.9298,0.9,0.9,372645000.0
2024-06-11,0.903,0.918,0.8859,0.9013,429233000.0
2024-06-13,0.883,0.9096,0.8537,0.9028,311324000.0
2024-06-14,0.9038,0.92,0.9028,0.918,268874000.0
2024-06-17,0.9165,0.935,0.91,0.9116,238598000.0
2024-06-18,0.9146,0.915,0.88,0.8837,443953000.0
2024-06-19,0.883,0.8868,0.843,0.8575,652143000.0
2024-06-20,0.8574,0.8927,0.8381,0.8927,899035000.0
2024-06-21,0.8952,0.9154,0.853,0.863,1178807000.0
2024-06-24,0.8641,0.8766,0.8356,0.86,1229269000.0
2024-06-25,0.841,0.86,0.8184,0.8317,3312312000.0
2024-06-26,0.8389,0.8411,0.8185,0.8286,1182469000.0
2024-06-27,0.8299,0.8334,0.81,0.8235,1228940000.0
2024-06-28,0.8239,0.8309,0.822,0.8241,618364000.0
2024-07-01,0.8294,0.841,0.8275,0.8358,539687000.0
2024-07-02,0.84,0.8693,0.8385,0.86,1130571000.0
2024-07-03,0.8684,0.8792,0.8581,0.8631,748058000.0
2024-07-04,0.8633,0.8689,0.8264,0.835,807511000.0
2024-07-05,0.836,0.8498,0.8318,0.8464,431551000.0
2024-07-08,0.8505,0.8598,0.8408,0.844,479905000.0
2024-07-09,0.8464,0.8481,0.8104,0.814,692282000.0
2024-07-10,0.8151,0.8455,0.7953,0.801,852603000.0
2024-07-11,0.7978,0.8496,0.7952,0.8493,939868000.0
2024-07-12,0.8501,0.8598,0.8183,0.826,847002000.0
2024-07-15,0.8335,0.8425,0.8046,0.8335,442983000.0
2024-07-16,0.833,0.8698,0.8252,0.8607,1298515000.0
2024-07-17,0.8749,0.898,0.8481,0.8708,2040621000.0
2024-07-18,0.8743,0.886,0.8699,0.8826,457707000.0
2024-07-19,0.8752,0.882,0.8649,0.8685,529181000.0
2024-07-22,0.8749,0.8779,0.8402,0.8578,635428000.0
2024-07-23,0.8595,0.8636,0.8475,0.85,357858000.0
2024-07-24,0.8451,0.8597,0.83,0.851,788706000.0
2024-07-25,0.8446,0.849,0.8343,0.8375,380738000.0
2024-07-26,0.84,0.8438,0.82,0.8279,623669000.0
2024-07-29,0.832,0.8344,0.81,0.8134,513195000.0
2024-07-30,0.813,0.8349,0.8073,0.827,556959000.0
2024-07-31,0.8342,0.85,0.8327,0.8388,539421000.0
2024-08-01,0.8499,0.866,0.8481,0.8573,975219000.0
2024-08-02,0.864,0.865,0.8452,0.8507,503870000.0
2024-08-05,0.8431,0.845,0.803,0.8191,1172920000.0
2024-08-06,0.8191,0.8328,0.81,0.8129,471049000.0
2024-08-07,0.8174,0.8256,0.805,0.8246,530660000.0
2024-08-08,0.8248,0.8299,0.8212,0.823,240558000.0
2024-08-09,0.823,0.8231,0.8106,0.8186,161967000.0
2024-08-12,0.8182,0.8408,0.8114,0.84,398455000.0
2024-08-13,0.8498,0.852,0.84,0.8474,320203000.0
2024-08-14,0.8389,0.8389,0.8125,0.8202,898998000.0
2024-08-15,0.8213,0.8256,0.8064,0.8106,447922000.0
2024-08-16,0.8103,0.8147,0.8,0.8043,549414000.0
2024-08-19,0.8106,0.8194,0.7492,0.7615,1831239000.0
2024-08-20,0.763,0.77,0.7233,0.7489,2372086000.0
2024-08-21,0.7495,0.758,0.7341,0.7565,679598000.0
2024-08-22,0.7597,0.7775,0.7515,0.7618,855588000.0
2024-08-23,0.7612,0.765,0.7454,0.7577,463860000.0
2024-08-26,0.778,0.7816,0.765,0.775,493508000.0
2024-08-27,0.7775,0.7895,0.7577,0.7661,475390000.0
2024-08-28,0.7648,0.7661,0.7401,0.7453,464320000.0
2024-08-29,0.7448,0.7488,0.7,0.7,2045288000.0
2024-08-30,0.7,0.7,0.6249,0.6409,3135710000.0
2024-09-02,0.615,0.62,0.5672,0.5691,2383642000.0
2024-09-03,0.5806,0.608,0.5432,0.5856,2743466000.0
2024-09-04,0.5871,0.639,0.5863,0.6232,2093217000.0
2024-09-05,0.6362,0.7,0.6264,0.6266,3323340000.0
2024-09-06,0.641,0.6555,0.6135,0.6217,1045320000.0
2024-09-09,0.6339,0.6698,0.6339,0.6641,1220983000.0
2024-09-10,0.6701,0.6773,0.6429,0.652,920689000.0
2024-09-11,0.647,0.6593,0.6275,0.6369,841373000.0
2024-09-12,0.6275,0.6329,0.6071,0.6221,1069875000.0
2024-09-13,0.626,0.6569,0.6158,0.6554,2117575000.0
2024-09-16,0.6727,0.6938,0.6572,0.687,1522224000.0
2024-09-17,0.7012,0.7178,0.6925,0.7081,1988615000.0
2024-09-18,0.7045,0.7054,0.6868,0.69,954974000.0
2024-09-19,0.6989,0.71,0.6921,0.7049,760846000.0
2024-09-20,0.7078,0.7255,0.7066,0.7197,883131000.0
2024-09-23,0.7405,0.7618,0.7369,0.753,1860360000.0
2024-09-24,0.7575,0.763,0.728,0.7501,898432000.0
2024-09-25,0.753,0.753,0.721,0.727,575581000.0
2024-09-26,0.7247,0.789,0.71,0.7885,3081084000.0
2024-09-27,0.7503,0.7696,0.75,0.754,2992723000.0
2024-09-30,0.7541,0.769,0.741,0.7488,1120233000.0
2024-10-01,0.74,0.7511,0.7215,0.74,918105000.0
2024-10-02,0.7387,0.7415,0.7022,0.7164,540594000.0
2024-10-03,0.7145,0.7215,0.6871,0.7004,931728000.0
2024-10-04,0.7042,0.7142,0.696,0.704,398750000.0
2024-10-07,0.7058,0.712,0.68,0.6864,449412000.0
2024-10-08,0.6891,0.6927,0.6803,0.6812,258892000.0
2024-10-09,0.6813,0.6859,0.6622,0.666,490637000.0
2024-10-10,0.6702,0.6755,0.6665,0.6699,309989000.0
2024-10-11,0.6699,0.6711,0.66,0.6647,265544000.0
2024-10-14,0.6646,0.6787,0.6559,0.6734,476069000.0
2024-10-15,0.6762,0.6886,0.66,0.6786,545303000.0
2024-10-16,0.684,0.7174,0.6808,0.6861,1067429000.0
2024-10-17,0.6926,0.709,0.6922,0.7015,836103000.0
2024-10-18,0.7053,0.7145,0.6871,0.694,675202000.0
2024-10-21,0.6996,0.722,0.6984,0.7065,1182989000.0
2024-10-22,0.7145,0.7195,0.696,0.7101,878505000.0
2024-10-23,0.7112,0.7179,0.7011,0.7037,605860000.0
2024-10-24,0.6986,0.7,0.6801,0.689,471359000.0
2024-10-25,0.69,0.6963,0.645,0.6518,1236295000.0
2024-10-28,0.6286,0.6482,0.62,0.6287,747134000.0
2024-10-29,0.6289,0.668,0.6289,0.662,736865000.0
2024-10-30,0.68,0.68,0.6419,0.6515,720778000.0
2024-10-31,0.644,0.6494,0.6301,0.6365,530609000.0
2024-11-01,0.6414,0.644,0.6291,0.6397,344618000.0
2024-11-02,0.64,0.6439,0.631,0.6345,144212000.0
2024-11-05,0.6345,0.6429,0.6183,0.6215,681244000.0
2024-11-06,0.635,0.6372,0.618,0.6207,608297000.0
2024-11-07,0.618,0.6186,0.5877,0.6013,1255552000.0
2024-11-08,0.6073,0.6119,0.5925,0.5974,406458000.0
2024-11-11,0.6069,0.6115,0.594,0.6009,612604000.0
2024-11-12,0.6009,0.6742,0.5904,0.672,6787254000.0
2024-11-13,0.6714,0.678,0.6513,0.6554,3123640000.0
2024-11-14,0.6525,0.6547,0.635,0.6425,1246868000.0
2024-11-15,0.644,0.673,0.64,0.6675,1715143000.0
2024-11-18,0.6572,0.675,0.644,0.6681,1052212000.0
2024-11-19,0.67,0.6929,0.6417,0.66,3155608000.0
2024-11-20,0.6627,0.6679,0.652,0.6538,493363000.0
2024-11-21,0.6583,0.6677,0.6521,0.662,722760000.0
2024-11-22,0.6646,0.692,0.6646,0.69,1669114000.0
2024-11-25,0.6855,0.7046,0.666,0.6767,1258102000.0
2024-11-26,0.6767,0.6832,0.6506,0.6574,700974000.0
2024-11-27,0.6611,0.6819,0.6302,0.654,1401856000.0
2024-11-28,0.6681,0.67,0.6409,0.6466,533604000.0
2024-11-29,0.6582,0.679,0.652,0.6552,757533000.0
2024-12-02,0.656,0.665,0.6559,0.6611,527799000.0
2024-12-03,0.6612,0.6644,0.6364,0.638,571331000.0
2024-12-04,0.6451,0.6451,0.6233,0.6263,448224000.0
2024-12-05,0.6225,0.6344,0.614,0.6267,470434000.0
2024-12-06,0.6301,0.637,0.6222,0.631,260801000.0
2024-12-09,0.6333,0.6478,0.6311,0.643,353076000.0
2024-12-10,0.6454,0.6476,0.624,0.6333,295634000.0
2024-12-11,0.6326,0.6485,0.631,0.6431,626499000.0
2024-12-12,0.649,0.6565,0.6356,0.6371,506531000.0
2024-12-13,0.6373,0.6422,0.6332,0.6351,198610000.0
2024-12-16,0.64,0.6547,0.6342,0.652,1567152000.0
2024-12-17,0.6512,0.6675,0.6458,0.6577,825580000.0
2024-12-18,0.66,0.667,0.648,0.6512,427743000.0
2024-12-19,0.6552,0.6793,0.6518,0.6793,1072427000.0
2024-12-20,0.6798,0.75,0.6729,0.7373,1892119000.0
2024-12-23,0.7513,0.8136,0.7328,0.8067,4646856000.0
2024-12-24,0.8056,0.8067,0.745,0.7493,3602033000.0
2024-12-25,0.747,0.75,0.7065,0.7429,3015349000.0
2024-12-26,0.7451,0.7576,0.721,0.725,1211607000.0
2024-12-27,0.7303,0.735,0.71,0.7299,1239927000.0
2024-12-28,0.7323,0.745,0.7276,0.7375,661319000.0
2024-12-30,0.7418,0.7534,0.739,0.7478,815225000.0
2025-01-03,0.7551,0.7599,0.74,0.7451,371252000.0
2025-01-06,0.7441,0.7441,0.71,0.7433,283766000.0
2025-01-08,0.7433,0.7645,0.7406,0.7622,617144000.0
2025-01-09,0.7651,0.7691,0.7471,0.7562,735648000.0
2025-01-10,0.7649,0.7823,0.7571,0.772,957042000.0
2025-01-13,0.7801,0.7849,0.7625,0.7649,522081000.0
2025-01-14,0.7671,0.7786,0.7537,0.7764,387244000.0
2025-01-15,0.7775,0.7899,0.767,0.7848,841015000.0
2025-01-16,0.789,0.8016,0.7817,0.794,696408000.0
2025-01-17,0.796,0.831,0.7931,0.8132,1380569000.0
2025-01-20,0.8261,0.8282,0.7855,0.7957,858586000.0
2025-01-21,0.796,0.835,0.796,0.83,1033849000.0
2025-01-22,0.835,0.862,0.83,0.8413,1778893000.0
2025-01-23,0.8437,0.86,0.8417,0.8555,974404000.0
2025-01-24,0.8593,0.8812,0.854,0.869,1010485000.0
2025-01-27,0.8755,0.8888,0.831,0.8403,1376775000.0
2025-01-28,0.8403,0.86,0.8202,0.851,974857000.0
2025-01-29,0.8574,0.8583,0.8354,0.8422,656473000.0
2025-01-30,0.8431,0.865,0.8401,0.861,862274000.0
2025-01-31,0.8622,0.8673,0.8558,0.8567,591579000.0
2025-02-03,0.8567,0.8739,0.8423,0.8676,1137945000.0
2025-02-04,0.87,0.8772,0.8569,0.8606,869877000.0
2025-02-05,0.8628,0.8985,0.8619,0.8954,2663214000.0
2025-02-06,0.8988,0.928,0.859,0.8719,3003111000.0
2025-02-07,0.8801,0.8935,0.8103,0.8174,8445931000.0
2025-02-10,0.83,0.8308,0.777,0.7819,4861140000.0
2025-02-11,0.783,0.801,0.782,0.7925,1409631000.0
2025-02-12,0.7928,0.7989,0.7478,0.7842,5437923000.0
2025-02-13,0.7842,0.819,0.7618,0.7724,3570994000.0
2025-02-14,0.7401,0.8099,0.7204,0.763,1129431000.0
2025-02-17,0.7673,0.7827,0.7663,0.7753,1080167000.0
2025-02-18,0.7774,0.7799,0.7607,0.764,636365000.0
2025-02-19,0.7643,0.7749,0.7602,0.7661,562895000.0
2025-02-20,0.769,0.7838,0.764,0.7693,1169436000.0
2025-02-21,0.77,0.7814,0.7613,0.7685,569557000.0
2025-02-24,0.7705,0.7745,0.763,0.7715,602640000.0
2025-02-25,0.7728,0.7808,0.7634,0.7721,743719000.0
2025-02-26,0.772,0.778,0.7382,0.7434,1061169000.0
2025-02-27,0.7432,0.7449,0.7143,0.7209,897254000.0
2025-02-28,0.7199,0.7344,0.6977,0.7274,927511000.0
2025-03-01,0.7288,0.7346,0.728,0.7334,18059000.0
2025-03-02,0.7339,0.7371,0.73,0.7343,26912000.0
2025-03-03,0.7328,0.7362,0.7055,0.7133,499731000.0
2025-03-04,0.7179,0.75,0.7145,0.7399,604312000.0
2025-03-05,0.74,0.777,0.7279,0.762,2338418000.0
2025-03-06,0.762,0.7697,0.7419,0.75,569481000.0
2025-03-07,0.75,0.7605,0.725,0.7365,624998000.0
2025-03-10,0.7365,0.7483,0.7323,0.7388,314124000.0
2025-03-11,0.739,0.7437,0.7309,0.7396,233191000.0
2025-03-12,0.74,0.75,0.7286,0.7466,414961000.0
2025-03-13,0.7483,0.7584,0.7227,0.7459,559583000.0
2025-03-14,0.7461,0.7637,0.7414,0.755,743999000.0
2025-03-15,0.7555,0.76,0.7502,0.7568,47316000.0
2025-03-16,0.7569,0.7624,0.7561,0.7614,57221000.0
2025-03-17,0.7616,0.77,0.7575,0.7655,563125000.0
2025-03-18,0.7671,0.7692,0.7469,0.7547,414858000.0
2025-03-19,0.7547,0.7664,0.7522,0.7614,411220000.0
2025-03-20,0.7638,0.776,0.7552,0.7587,656195000.0
2025-03-21,0.7605,0.7619,0.743,0.7492,282593000.0
2025-03-24,0.75,0.7521,0.7277,0.7318,355601000.0
2025-03-25,0.7315,0.7472,0.7291,0.7405,344607000.0
2025-03-26,0.744,0.7469,0.7128,0.721,270431000.0
2025-03-27,0.722,0.7266,0.7013,0.702,505546000.0
2025-03-28,0.705,0.7493,0.6611,0.7384,1939028000.0
2025-03-29,0.7388,0.74,0.7251,0.7251,66565000.0
2025-03-30,0.7251,0.7289,0.7251,0.7251,11664000.0
2025-03-31,0.718,0.762,0.7129,0.7304,1077828000.0
2025-04-01,0.7333,0.75,0.7122,0.7152,761412000.0
2025-04-02,0.7243,0.729,0.7061,0.72,463777000.0
2025-04-03,0.722,0.735,0.7021,0.7105,839895000.0
2025-04-04,0.7127,0.722,0.6677,0.6755,847008000.0
2025-04-05,0.6757,0.6767,0.6592,0.6698,110423000.0
2025-04-06,0.67,0.688,0.6676,0.6835,69969000.0
2025-04-07,0.652,0.6937,0.62,0.6666,2029471000.0
2025-04-08,0.675,0.713,0.6688,0.6869,1827670000.0
2025-04-09,0.684,0.7149,0.6703,0.7058,2220587000.0
2025-04-10,0.711,0.72,0.6929,0.716,1087001000.0
2025-04-11,0.7225,0.7432,0.7207,0.7247,1677472000.0
2025-04-12,0.7297,0.738,0.728,0.732,174485000.0
2025-04-13,0.7368,0.7382,0.7285,0.7315,84966000.0
2025-04-14,0.7308,0.7367,0.7251,0.7292,507156000.0
2025-04-15,0.7292,0.7354,0.7273,0.7314,300488000.0
2025-04-16,0.7379,0.7674,0.7357,0.7633,2584044000.0
2025-04-17,0.7639,0.7705,0.735,0.7459,1756545000.0
2025-04-18,0.7459,0.7464,0.7222,0.7262,854557000.0
2025-04-21,0.7352,0.7614,0.725,0.7275,3056389000.0
2025-04-22,0.7324,0.7372,0.715,0.7185,1761752000.0
2025-04-23,0.721,0.721,0.6903,0.7,1583977000.0
2025-04-24,0.7019,0.7098,0.6817,0.6872,1048421000.0
2025-04-25,0.6851,0.6968,0.6793,0.6845,930961000.0
2025-04-26,0.6855,0.6899,0.684,0.6866,101429000.0
2025-04-27,0.6866,0.689,0.6862,0.6882,40905000.0
2025-04-28,0.6897,0.6923,0.6708,0.676,1050726000.0
2025-04-29,0.675,0.6768,0.6521,0.6602,1117676000.0
2025-04-30,0.6605,0.6613,0.6451,0.6554,573673000.0
2025-05-02,0.6554,0.6559,0.6251,0.6254,478167000.0
2025-05-03,0.6268,0.6372,0.6254,0.6319,146741000.0
2025-05-04,0.6324,0.6368,0.6315,0.6362,73002000.0
2025-05-05,0.6376,0.6518,0.6171,0.6274,1420612000.0
2025-05-06,0.632,0.6419,0.6224,0.632,891640000.0
2025-05-07,0.6331,0.6372,0.627,0.6293,604455000.0
2025-05-08,0.6317,0.6386,0.6284,0.63,337149000.0
2025-05-10,0.6312,0.634,0.6283,0.6302,55935000.0
2025-05-11,0.6317,0.6346,0.6286,0.6324,93620000.0
2025-05-12,0.6329,0.6437,0.6302,0.6339,909998000.0
2025-05-13,0.6345,0.6382,0.6311,0.6337,481539000.0
2025-05-14,0.632,0.642,0.6249,0.6249,657016000.0
2025-05-15,0.6245,0.6308,0.621,0.6275,605079000.0
2025-05-16,0.6273,0.6301,0.6102,0.6199,714895000.0
2025-05-17,0.6208,0.6262,0.6199,0.6255,44206000.0
2025-05-18,0.6272,0.6321,0.6265,0.6278,52980000.0
2025-05-19,0.6276,0.6293,0.6201,0.6224,304648000.0
2025-05-20,0.6224,0.625,0.6168,0.6213,509907000.0
2025-05-21,0.6219,0.6275,0.6125,0.6136,460566000.0
2025-05-22,0.6149,0.6164,0.6013,0.6072,751607000.0
2025-05-23,0.6072,0.621,0.6032,0.6113,667253000.0
2025-05-26,0.6112,0.6112,0.5731,0.586,1333353000.0
2025-05-27,0.5822,0.605,0.568,0.5998,1025611000.0
2025-05-28,0.6017,0.6216,0.6001,0.6156,804638000.0
2025-05-29,0.6159,0.63,0.6102,0.6111,872982000.0
2025-05-30,0.6112,0.6288,0.607,0.6221,796718000.0
2025-05-31,0.6222,0.6258,0.6168,0.6216,56994000.0
2025-06-01,0.6216,0.6218,0.6091,0.6113,124562000.0
2025-06-02,0.6026,0.6423,0.6024,0.6347,969617000.0
2025-06-03,0.6373,0.65,0.6338,0.6462,674846000.0
2025-06-04,0.6478,0.6669,0.6436,0.6514,1109109000.0
2025-06-05,0.6562,0.6759,0.6514,0.669,964899000.0
2025-06-06,0.6712,0.6873,0.64,0.6463,1260213000.0
2025-06-07,0.65,0.6549,0.6481,0.6511,25236000.0
2025-06-08,0.6497,0.6528,0.6444,0.6476,40335000.0
2025-06-09,0.6476,0.659,0.628,0.6404,726458000.0
2025-06-10,0.6396,0.6481,0.629,0.6317,306068000.0
2025-06-11,0.6317,0.6426,0.627,0.6335,528045000.0
2025-06-13,0.643,0.6529,0.6336,0.6387,728426000.0
2025-06-14,0.6391,0.6429,0.6352,0.6387,34355000.0
2025-06-15,0.6394,0.643,0.632,0.636,87693000.0
2025-06-16,0.6333,0.6386,0.6222,0.6255,366605000.0
2025-06-17,0.629,0.6347,0.6221,0.6298,364701000.0
2025-06-18,0.629,0.6307,0.6212,0.6234,275411000.0
2025-06-19,0.6234,0.6269,0.6179,0.6229,311857000.0
2025-06-20,0.6222,0.626,0.6183,0.6192,218180000.0
2025-06-23,0.6298,0.6299,0.605,0.6079,682710000.0
2025-06-24,0.6095,0.6239,0.6011,0.6194,682175000.0
2025-06-25,0.621,0.6278,0.6166,0.6235,430877000.0
2025-06-26,0.6256,0.6372,0.623,0.6343,508562000.0
2025-06-27,0.6327,0.6367,0.623,0.6268,385988000.0
2025-06-28,0.627,0.6314,0.627,0.63,37152000.0
2025-06-29,0.6285,0.6306,0.628,0.6282,15735000.0
2025-06-30,0.629,0.6498,0.6274,0.6459,492858000.0
2025-07-01,0.6479,0.6789,0.6454,0.6733,1634765000.0
2025-07-02,0.6771,0.68,0.5743,0.5744,20476029000.0
2025-07-03,0.5735,0.5911,0.475,0.4774,60862892000.0
2025-07-04,0.4829,0.4924,0.4601,0.4768,5725959000.0
2025-07-14,0.57,0.57,0.5174,0.553,7032982000.0
2025-07-15,0.5574,0.6,0.5479,0.5936,3303687000.0
2025-07-16,0.5991,0.62,0.5853,0.5963,3297246000.0
2025-07-17,0.598,0.6032,0.5606,0.568,1640371000.0
2025-07-18,0.5745,0.5838,0.5681,0.5767,826902000.0
2025-07-19,0.5769,0.5835,0.5757,0.5781,114836000.0
2025-07-20,0.5783,0.5825,0.5763,0.582,86499000.0
2025-07-21,0.5825,0.5979,0.581,0.5936,819707000.0
2025-07-22,0.5941,0.5992,0.577,0.5899,717180000.0
2025-07-23,0.5899,0.5955,0.5809,0.5859,478427000.0
2025-07-24,0.5858,0.5875,0.5748,0.5769,337524000.0
2025-07-25,0.5784,0.5785,0.565,0.5695,444534000.0
2025-07-26,0.5695,0.5727,0.5691,0.5719,29816000.0
2025-07-27,0.572,0.5723,0.5694,0.5714,16732000.0
2025-07-28,0.5715,0.5846,0.567,0.5708,560645000.0
2025-07-29,0.5708,0.5835,0.5708,0.5756,353997000.0
2025-07-30,0.5765,0.58,0.5703,0.5711,166019000.0
2025-07-31,0.5701,0.5742,0.5563,0.5633,247669000.0
2025-08-01,0.565,0.5742,0.5366,0.5587,1076224000.0
2025-08-04,0.5579,0.5628,0.5559,0.5599,277907000.0
2025-08-05,0.5599,0.5618,0.5563,0.5595,143541000.0
2025-08-06,0.5596,0.5931,0.5595,0.5797,1092111000.0
2025-08-07,0.581,0.5879,0.575,0.5831,567459000.0
2025-08-08,0.5839,0.6325,0.582,0.6158,1931548000.0
2025-08-11,0.6206,0.6347,0.6006,0.608,891958000.0
2025-08-12,0.6086,0.6167,0.6028,0.6132,371848000.0
2025-08-13,0.6138,0.615,0.6029,0.6047,277939000.0
2025-08-14,0.6046,0.6088,0.591,0.6074,363121000.0
2025-08-15,0.6074,0.6348,0.6009,0.6043,1533061000.0
2025-08-16,0.6,0.6118,0.5864,0.607,201889000.0
2025-08-17,0.607,0.6149,0.6062,0.6071,67300000.0
2025-08-18,0.6077,0.6134,0.6016,0.6066,390448000.0
2025-08-19,0.6065,0.6098,0.5998,0.6021,416162000.0
2025-08-20,0.6042,0.6069,0.5953,0.5994,374281000.0
2025-08-21,0.5994,0.6023,0.583,0.585,320833000.0
2025-08-22,0.5876,0.5892,0.5822,0.5857,195881000.0
2025-08-23,0.586,0.5914,0.5856,0.5872,45159000.0
2025-08-24,0.5895,0.5897,0.585,0.588,63142000.0
2025-08-25,0.5881,0.596,0.5832,0.5865,303156000.0
2025-08-26,0.5866,0.5928,0.5757,0.5801,632108000.0
2025-08-27,0.58,0.5818,0.573,0.5778,327530000.0
2025-08-28,0.5787,0.5804,0.5685,0.5716,362039000.0
2025-08-29,0.572,0.5883,0.561,0.5684,1019390000.0
2025-08-30,0.57,0.5739,0.568,0.57,51582000.0
2025-08-31,0.571,0.572,0.5691,0.5698,41947000.0
2025-09-01,0.5708,0.5791,0.5701,0.5735,442209000.0
2025-09-02,0.5743,0.578,0.5666,0.5764,360835000.0
2025-09-03,0.5756,0.5785,0.57,0.5758,305232000.0
2025-09-04,0.5764,0.578,0.5699,0.5709,262701000.0
2025-09-05,0.5716,0.5765,0.5685,0.5694,284383000.0
2025-09-06,0.5709,0.5726,0.5709,0.5715,16884000.0
2025-09-07,0.5715,0.5736,0.5708,0.573,31352000.0
2025-09-08,0.573,0.595,0.5728,0.5942,855268000.0
2025-09-09,0.595,0.626,0.5946,0.6144,3406588000.0
2025-09-10,0.6146,0.624,0.6018,0.6169,1198246000.0
2025-09-11,0.6195,0.6383,0.6094,0.633,1281134000.0
2025-09-12,0.6335,0.6478,0.616,0.6277,1694743000.0
2025-09-13,0.6275,0.6446,0.618,0.6428,340423000.0
2025-09-14,0.6429,0.6445,0.635,0.6421,147991000.0
2025-09-15,0.6431,0.6621,0.6056,0.6344,4561696000.0
2025-09-16,0.6348,0.649,0.6255,0.6429,2336501000.0
2025-09-17,0.6449,0.6469,0.62,0.6302,2077706000.0
2025-09-18,0.6302,0.6359,0.62,0.6212,1009704000.0
2025-09-19,0.6211,0.63,0.6204,0.6241,609760000.0
2025-09-22,0.6243,0.641,0.6243,0.6371,1081233000.0
2025-09-23,0.638,0.6391,0.6158,0.6228,731868000.0
2025-09-24,0.6245,0.6277,0.6152,0.6226,419770000.0
2025-09-25,0.624,0.6282,0.6201,0.6205,229947000.0
2025-09-26,0.6224,0.6228,0.6012,0.608,580014000.0
2025-09-27,0.608,0.614,0.6058,0.6077,56848000.0
2025-09-28,0.608,0.609,0.6064,0.608,29151000.0
2025-09-29,0.6084,0.6112,0.585,0.5939,1185316000.0
2025-09-30,0.5955,0.5965,0.5677,0.5788,919937000.0
2025-10-01,0.5863,0.6145,0.511,0.5244,8581114000.0
2025-10-02,0.5255,0.5352,0.496,0.5027,2893016000.0
2025-10-03,0.502,0.5097,0.4927,0.5012,1519002000.0
2025-10-04,0.4991,0.5012,0.4868,0.4918,297591000.0
2025-10-05,0.4929,0.501,0.4874,0.4984,206380000.0
2025-10-06,0.5,0.522,0.4952,0.512,1641727000.0
2025-10-07,0.512,0.5153,0.5015,0.508,832351000.0
2025-10-08,0.508,0.54,0.4931,0.53,4429199000.0
2025-10-09,0.532,0.5486,0.4967,0.5222,4149368000.0
2025-10-10,0.5244,0.5245,0.5081,0.5174,798114000.0
2025-10-11,0.517,0.5174,0.5119,0.5147,45579000.0
2025-10-12,0.5146,0.516,0.5128,0.515,40599000.0
2025-10-13,0.5174,0.518,0.5086,0.5145,400342000.0
2025-10-14,0.5145,0.5189,0.5055,0.5112,508888000.0
2025-10-15,0.5117,0.5134,0.498,0.5061,576301000.0
2025-10-16,0.5091,0.5286,0.5021,0.5239,948719000.0
2025-10-17,0.5238,0.5238,0.5121,0.515,445269000.0
2025-10-18,0.516,0.5233,0.5151,0.5207,114905000.0
2025-10-19,0.521,0.5224,0.518,0.5199,36894000.0
2025-10-20,0.5202,0.527,0.5137,0.526,358779000.0
2025-10-21,0.5259,0.5262,0.508,0.5124,360853000.0
2025-10-22,0.5126,0.54,0.5123,0.5189,1232150000.0
2025-10-23,0.5139,0.5198,0.5086,0.5157,372420000.0
2025-10-24,0.5169,0.5176,0.509,0.5126,193437000.0
2025-10-27,0.5126,0.5129,0.49,0.4915,552919261.0
2025-10-28,0.4917,0.5044,0.48,0.4902,818230000.0
2025-10-29,0.4905,0.493,0.48,0.4832,611137000.0
2025-10-30,0.4847,0.488,0.483,0.4853,298389000.0
2025-10-31,0.4853,0.4883,0.4802,0.4828,279321000.0
2025-11-01,0.4825,0.4856,0.4656,0.4739,896501000.0
2025-11-03,0.4732,0.4805,0.472,0.4739,261264000.0
2025-11-05,0.474,0.4749,0.4672,0.4705,417839000.0
2025-11-06,0.4713,0.4781,0.4691,0.4749,428556000.0
2025-11-07,0.4758,0.4815,0.4725,0.4764,265107000.0
2025-11-08,0.477,0.4779,0.4766,0.4776,16949000.0
2025-11-09,0.4776,0.4783,0.4756,0.4776,24180000.0
2025-11-10,0.4777,0.4823,0.4696,0.4717,432976000.0
2025-11-11,0.4737,0.4767,0.4698,0.4714,262376000.0
2025-11-12,0.4722,0.475,0.468,0.4701,296518000.0
2025-11-13,0.4708,0.4727,0.468,0.4692,302664000.0
2025-11-14,0.4692,0.471,0.4631,0.4664,303481000.0
2025-11-15,0.467,0.4687,0.466,0.4671,18960000.0
2025-11-16,0.4671,0.4675,0.4661,0.4675,17060000.0
2025-11-17,0.468,0.4714,0.464,0.4653,203465000.0
2025-11-18,0.4665,0.4728,0.4628,0.4667,307243000.0
2025-11-19,0.4684,0.4715,0.465,0.4701,576983000.0
2025-11-20,0.4694,0.4747,0.4671,0.4715,525865000.0
2025-11-21,0.4726,0.4955,0.4691,0.4874,1036540000.0
2025-11-24,0.4875,0.4939,0.4729,0.4763,572604000.0
2025-11-25,0.4763,0.4842,0.475,0.4773,417484000.0
2025-11-26,0.4796,0.4815,0.476,0.4769,233983000.0
2025-11-27,0.4779,0.4779,0.4684,0.4709,258305000.0
2025-11-28,0.4714,0.4773,0.4696,0.4741,185794000.0
2025-11-29,0.4741,0.4768,0.4741,0.4756,27706000.0
2025-11-30,0.4756,0.4764,0.4719,0.4761,23884000.0
2025-12-01,0.4761,0.4773,0.4708,0.4739,214262000.0
2025-12-02,0.4748,0.4755,0.4686,0.4697,232589000.0
2025-12-03,0.469,0.4713,0.465,0.4704,241479000.0
2025-12-04,0.4712,0.4729,0.469,0.4697,144861000.0
2025-12-05,0.471,0.4767,0.4692,0.4714,247086000.0
2025-12-08,0.472,0.4797,0.4698,0.4707,326157000.0
2025-12-09,0.4722,0.4722,0.468,0.4703,184429000.0
2025-12-10,0.4718,0.4914,0.4652,0.4718,1104512000.0
2025-12-11,0.4753,0.4798,0.4718,0.4743,477293000.0
2025-12-12,0.4733,0.4798,0.4689,0.4713,566540000.0
2025-12-13,0.4742,0.4748,0.4702,0.4726,52399000.0
2025-12-14,0.4726,0.4732,0.471,0.4731,27813000.0
2025-12-15,0.4731,0.4749,0.4714,0.4744,261062000.0
2025-12-16,0.4743,0.4755,0.4722,0.4747,283301000.0
2025-12-17,0.4754,0.4755,0.471,0.4737,279242000.0
2025-12-18,0.4737,0.4889,0.4716,0.4867,1086703000.0
2025-12-19,0.4875,0.5286,0.4852,0.5163,4185455000.0
2025-12-20,0.5177,0.5324,0.5173,0.5324,959766000.0
2025-12-21,0.5324,0.5324,0.5324,0.5324,30575000.0
2025-12-22,0.554,0.5959,0.5462,0.5847,9592375000.0
2025-12-23,0.5898,0.6,0.5442,0.5575,5471814000.0
2025-12-24,0.5587,0.5725,0.5385,0.555,2636626000.0
2025-12-25,0.5561,0.5707,0.5407,0.563,2520562000.0
2025-12-26,0.5658,0.5664,0.5362,0.5437,2359762000.0
2025-12-27,0.5437,0.5468,0.5306,0.5341,540093000.0
2025-12-28,0.5364,0.5411,0.5279,0.538,519092000.0
2025-12-29,0.538,0.5384,0.5145,0.5199,1583791000.0
2025-12-30,0.5201,0.556,0.5123,0.5429,4029046000.0
2026-01-05,0.5429,0.5576,0.5279,0.5476,1242251000.0
2026-01-06,0.5463,0.5552,0.5401,0.5448,730206000.0
2026-01-08,0.5402,0.5423,0.5312,0.5367,338384000.0
2026-01-09,0.5358,0.5409,0.5328,0.5375,225792000.0
2026-01-12,0.54,0.5856,0.5399,0.5764,3622702000.0
2026-01-13,0.5749,0.5945,0.5721,0.584,2452275000.0
2026-01-14,0.5867,0.593,0.5671,0.5818,1576478000.0
2026-01-15,0.5779,0.5815,0.5722,0.5788,711454000.0
2026-01-16,0.5798,0.5817,0.5734,0.5788,587318000.0
2026-01-17,0.5788,0.581,0.5786,0.5809,58722000.0
2026-01-18,0.5808,0.595,0.5791,0.5916,395900000.0
2026-01-19,0.5962,0.6048,0.5838,0.5871,1975517000.0
2026-01-20,0.5903,0.5975,0.5842,0.595,1821592000.0
2026-01-21,0.5979,0.6275,0.595,0.5999,5427584000.0
2026-01-22,0.6002,0.6099,0.599,0.608,1249876000.0
2026-01-23,0.6149,0.615,0.6042,0.6127,1035742000.0
2026-01-24,0.614,0.6158,0.6103,0.6147,161842000.0
2026-01-25,0.615,0.6271,0.6148,0.624,713995000.0
2026-01-26,0.6323,0.665,0.6217,0.651,4878255000.0
2026-01-27,0.6551,0.7227,0.6516,0.7197,13483134000.0
2026-01-28,0.7301,0.8705,0.7227,0.8678,28461399000.0
2026-01-29,0.8705,1.0874,0.78,0.815,33839775000.0
2026-01-30,0.797,0.8,0.7111,0.7229,13972803000.0
2026-01-31,0.7175,0.7421,0.7142,0.7349,1303366000.0
2026-02-01,0.7386,0.7423,0.7321,0.7423,592234000.0
2026-02-02,0.7368,0.7645,0.7117,0.747,9933557000.0
2026-02-03,0.7608,0.8237,0.7467,0.815,13455738000.0
2026-02-04,0.83,0.8614,0.7785,0.8098,18925677000.0
2026-02-05,0.7862,0.8118,0.7712,0.7937,7072291000.0
2026-02-06,0.795,0.836,0.795,0.8267,7255440000.0
2026-02-07,0.8297,0.8386,0.818,0.8238,1240564000.0
2026-02-08,0.8263,0.8297,0.8212,0.8269,437563000.0
2026-02-09,0.84,0.842,0.8105,0.8241,3574676000.0
2026-02-10,0.8186,0.8219,0.8017,0.8047,2723651000.0
2026-02-11,0.8077,0.8222,0.7912,0.8096,3828454000.0
2026-02-12,0.807,0.8079,0.7855,0.7861,2252613000.0
2026-02-13,0.7872,0.805,0.7866,0.7965,2190822000.0
2026-02-16,0.7965,0.7995,0.7687,0.7721,1361655000.0
2026-02-17,0.77,0.7707,0.7327,0.7381,2893608000.0
2026-02-18,0.7455,0.7928,0.7434,0.7804,4859733000.0
2026-02-19,0.7841,0.8039,0.7813,0.7923,3217431000.0
2026-02-20,0.7913,0.798,0.7809,0.7924,1672663000.0
2026-02-21,0.795,0.8015,0.7938,0.7946,241996000.0
2026-02-22,0.7953,0.798,0.7935,0.797,178299000.0
2026-02-23,0.8053,0.81,0.8009,0.8098,633129000.0
2026-02-24,0.809,0.8092,0.7858,0.7959,1375785000.0
2026-02-25,0.7989,0.8076,0.7907,0.7991,1217628000.0
2026-02-26,0.7986,0.8018,0.794,0.7978,444159000.0
2026-02-27,0.799,0.8112,0.796,0.8093,1037860000.0
2026-02-28,0.8102,0.8328,0.8102,0.8328,1880062000.0
2026-03-01,0.8328,0.8328,0.8294,0.8328,264955000.0
2026-03-02,0.84,0.856,0.8096,0.8105,4005973000.0
2026-03-03,0.8194,0.8219,0.7828,0.7933,2149080000.0
2026-03-04,0.7995,0.8075,0.7889,0.7964,745320000.0
2026-03-05,0.7968,0.8018,0.7858,0.7894,407613000.0
2026-03-06,0.7921,0.7949,0.7841,0.7867,510880000.0
2026-03-09,0.7839,0.788,0.7532,0.774,833336000.0
2026-03-10,0.7733,0.8095,0.7733,0.7931,1506802000.0
2026-03-11,0.7931,0.802,0.7795,0.7823,529076000.0
2026-03-12,0.7812,0.7823,0.7715,0.777,322993000.0
2026-03-13,0.7795,0.7839,0.774,0.7751,299696000.0
2026-03-14,0.7749,0.7754,0.773,0.7733,44362000.0
2026-03-15,0.7749,0.7757,0.7721,0.7756,26785000.0
2026-03-16,0.7746,0.782,0.6288,0.7018,14788746000.0
2026-03-17,0.702,0.7186,0.6784,0.7027,4400133000.0
2026-03-18,0.7,0.7045,0.6881,0.6916,1325302000.0
2026-03-19,0.6898,0.6947,0.6755,0.6836,1058867000.0
2026-03-20,0.6927,0.6962,0.6777,0.6826,876470000.0
2026-03-23,0.6708,0.6756,0.651,0.6634,1448861000.0
2026-03-24,0.6619,0.6678,0.6551,0.6578,396973000.0
2026-03-25,0.6613,0.705,0.6581,0.6885,3087903000.0
2026-03-26,0.689,0.7425,0.672,0.7116,4261166000.0
2026-03-27,0.7142,0.755,0.704,0.7152,2598144000.0
2026-03-28,0.7157,0.7236,0.7155,0.7196,67903000.0
2026-03-29,0.7194,0.7215,0.7151,0.7157,82483000.0
2026-03-30,0.7189,0.721,0.695,0.6986,1286186000.0
2026-03-31,0.704,0.712,0.6975,0.7095,546268000.0
2026-04-01,0.7095,0.7184,0.667,0.6775,2285285000.0
2026-04-02,0.6717,0.6757,0.661,0.6628,684823000.0
2026-04-03,0.6649,0.668,0.6315,0.6452,1266809000.0
2026-04-04,0.647,0.6471,0.6371,0.6392,71255000.0
2026-04-05,0.64,0.6449,0.6388,0.6446,64184000.0
2026-04-06,0.6446,0.671,0.6363,0.6638,1190355000.0
2026-04-07,0.663,0.6764,0.659,0.6732,589336000.0
2026-04-08,0.6849,0.6929,0.6708,0.6747,837047000.0
2026-04-09,0.6706,0.6744,0.6567,0.6608,334175000.0
2026-04-10,0.6619,0.6783,0.6572,0.6599,422332000.0
2026-04-11,0.6604,0.664,0.6574,0.6614,28566000.0
2026-04-12,0.6614,0.663,0.6555,0.6555,95511000.0
2026-04-13,0.656,0.661,0.647,0.6497,298909000.0
2026-04-14,0.6499,0.6698,0.644,0.6643,445963000.0
2026-04-15,0.6668,0.675,0.6622,0.6713,280903000.0
2026-04-16,0.6727,0.729,0.672,0.721,4000612000.0
2026-04-17,0.7179,0.7488,0.7055,0.7385,2068266000.0
2026-04-18,0.7392,0.7498,0.726,0.7265,221887000.0
2026-04-19,0.7265,0.7345,0.726,0.7308,112159000.0
2026-04-20,0.726,0.9528,0.7233,0.7818,7593884000.0
2026-04-21,0.783,0.796,0.7711,0.785,1842370000.0
2026-04-22,0.7826,0.8031,0.7808,0.7861,990673000.0
2026-04-23,0.788,0.7886,0.7648,0.7683,882402000.0
2026-04-24,0.7683,0.773,0.7591,0.7675,688160000.0
